Gene	ENST_ID
AAED1	ENST00000446045
AATK-AS1	ENST00000637878
ABHD14A-ACY1	ENST00000637978
ABO	ENST00000611156
AC002310.11	ENST00000569360
AC002310.13	ENST00000568114
AC002398.9	ENST00000591613
AC002985.3	ENST00000596918
AC003002.4	ENST00000597658
AC003002.6	ENST00000596617
AC003005.4	ENST00000601674
AC003006.7	ENST00000594684
AC004076.7	ENST00000597410
AC004076.9	ENST00000596831
AC004381.6	ENST00000568894
AC004754.3	ENST00000600536
AC005338.1	ENST00000353284
AC005779.2	ENST00000593083
AC005943.2	ENST00000585937
AC006445.1	ENST00000627924
AC006449.2	ENST00000623658
AC006486.9	ENST00000594664
AC006538.4	ENST00000586572
AC007040.11	ENST00000606025
AC007192.4	ENST00000617130
AC007906.1	ENST00000624244
AC008074.1	ENST00000623932
AC008522.1	ENST00000624710
AC008686.1	ENST00000624302
AC009014.3	ENST00000607574
AC009060.2	ENST00000625001
AC009065.1	ENST00000623013
AC009121.1	ENST00000629750
AC009133.22	ENST00000449759
AC009133.23	ENST00000609618
AC009336.19	ENST00000468418
AC009950.1	ENST00000540870
AC010547.9	ENST00000561908
AC010642.1	ENST00000591325
AC010646.3	ENST00000594059
AC010731.4	ENST00000543490
AC011513.3	ENST00000598976
AC011530.4	ENST00000597712
AC013264.1	ENST00000282272
AC013269.5	ENST00000409259
AC013461.1	ENST00000539448
AC015688.3	ENST00000584605
AC017028.1	ENST00000623536
AC018638.1	ENST00000474069
AC018755.18	ENST00000599649
AC019206.1	ENST00000624334
AC023283.1	ENST00000392901
AC023908.1	ENST00000543580
AC024592.12	ENST00000592091
AC025263.3	ENST00000550437
AC025335.1	ENST00000635932
AC026348.1	ENST00000393845
AC027682.1	ENST00000422602
AC037459.4	ENST00000450780
AC068533.7	ENST00000450043
AC069368.3	ENST00000437723
AC073610.5	ENST00000537495
AC074141.1	ENST00000451628
AC079907.1	ENST00000626900
AC084219.2	ENST00000591793
AC090094.1	ENST00000541428
AC092718.1	ENST00000624382
AC096949.1	ENST00000361522
AC100821.1	ENST00000625207
AC104304.4	ENST00000505797
AC104389.1	ENST00000624109
AC104389.2	ENST00000623781
AC104532.2	ENST00000588891
AC104534.3	ENST00000602021
AC105052.1	ENST00000624140
AC109486.1	ENST00000624505
AC109829.1	ENST00000447166
AC110615.1	ENST00000625176
AC113404.1	ENST00000631802
AC114783.1	ENST00000636457
AC124312.1	ENST00000623624
AC126407.1	ENST00000626930
AC127070.1	ENST00000545875
AC129492.1	ENST00000622992
AC131097.4	ENST00000452112
AC138645.2	ENST00000329240
AC138647.1	ENST00000427937
AC138969.4	ENST00000541593
AC231657.1	ENST00000624556
AC234582.2	ENST00000623940
AC241585.1	ENST00000628937
ACD	ENST00000620761
ACPT	ENST00000270593
ACRC	ENST00000373696
AD000671.6	ENST00000589807
ADAM20	ENST00000256389
ADGB	ENST00000522396
ADGRD2	ENST00000610875
ADGRF2	ENST00000507065
AF011889.5	ENST00000422081
AF111168.1	ENST00000623612
AF165138.7	ENST00000435732
AHSA2	ENST00000489653
AIM1	ENST00000633556
AIM1L	ENST00000527815
AL008723.1	ENST00000623133
AL021546.6	ENST00000551806
AL022067.1	ENST00000635758
AL022397.1	ENST00000629778
AL022578.1	ENST00000624399
AL023806.1	ENST00000625058
AL031664.1	ENST00000536626
AL034550.1	ENST00000621426
AL049829.1	ENST00000637426
AL049872.1	ENST00000624063
AL078584.1	ENST00000510784
AL109923.1	ENST00000535650
AL109927.1	ENST00000624809
AL135787.1	ENST00000538962
AL135791.1	ENST00000615949
AL135842.1	ENST00000624892
AL161905.1	ENST00000637763
AL162426.1	ENST00000625046
AL356053.1	ENST00000375028
AL358113.1	ENST00000265384
AL358852.1	ENST00000623174
AL365181.1	ENST00000624731
AL365202.1	ENST00000624522
AL365273.1	ENST00000539125
AL513122.1	ENST00000449733
AL513122.2	ENST00000373808
AL513412.1	ENST00000535193
AL513523.2	ENST00000623024
AL645922.1	ENST00000623068
AL928654.7	ENST00000553228
ALG1L2	ENST00000425059
ALPPL2	ENST00000295453
ALS2CR11	ENST00000450242
ANKLE1	ENST00000598347
ANKRD18B	ENST00000605687
ANKRD36	ENST00000620383
ANKRD36C	ENST00000619511
AP000275.65	ENST00000553001
AP000295.9	ENST00000433395
AP000304.12	ENST00000429238
AP000322.53	ENST00000450895
AP000349.2	ENST00000624319
AP000350.10	ENST00000433835
AP000721.4	ENST00000535431
AP000769.1	ENST00000625158
AP002884.2	ENST00000532699
AP002962.1	ENST00000623963
AP003419.11	ENST00000543494
AP006285.2	ENST00000624434
APITD1	ENST00000477755
APITD1-CORT	ENST00000602787
APOC4-APOC2	ENST00000589057
AQP12A	ENST00000429564
ARHGAP19-SLIT1	ENST00000479633
ARHGAP40	ENST00000414158
ARHGAP42	ENST00000531183
ARL2-SNX15	ENST00000301886
ARRDC5	ENST00000381781
ASPN	ENST00000375544
ASUN	ENST00000544548
ASXL2	ENST00000435504
ATP5A1	ENST00000593152
ATP5B	ENST00000553007
ATP5C1	ENST00000356708
ATP5D	ENST00000591660
ATP5E	ENST00000395663
ATP5EP2	ENST00000381026
ATP5F1	ENST00000483994
ATP5G1	ENST00000514808
ATP5G2	ENST00000602871
ATP5G3	ENST00000409194
ATP5H	ENST00000538432
ATP5I	ENST00000304312
ATP5J	ENST00000457143
ATP5J2	ENST00000523680
ATP5J2-PTCD1	ENST00000451138
ATP5L	ENST00000524422
ATP5L2	ENST00000505920
ATP5O	ENST00000431254
ATP5S	ENST00000554204
ATP5SL	ENST00000597457
ATP6V1G2-DDX39B	ENST00000480131
ATPIF1	ENST00000497986
BIRC8	ENST00000426466
BIVM-ERCC5	ENST00000602836
BLACE	ENST00000616210
BLOC1S5-TXNDC5	ENST00000439343
BORCS7-ASMT	ENST00000299353
BRE	ENST00000604932
BTBD19	ENST00000450269
BUB1B-PAK6	ENST00000559435
C10orf10	ENST00000448778
C10orf107	ENST00000389639
C10orf11	ENST00000611306
C10orf128	ENST00000474718
C10orf2	ENST00000370228
C10orf35	ENST00000421716
C10orf54	ENST00000470317
C10orf76	ENST00000456149
C10orf95	ENST00000625129
C11orf31	ENST00000622257
C11orf57	ENST00000532163
C11orf63	ENST00000531316
C11orf70	ENST00000534360
C11orf84	ENST00000540893
C14orf1	ENST00000256319
C14orf105	ENST00000534528
C14orf159	ENST00000525393
C14orf166	ENST00000557553
C14orf169	ENST00000304061
C14orf2	ENST00000557040
C14orf37	ENST00000555101
C14orf79	ENST00000551606
C14orf80	ENST00000548920
C15orf52	ENST00000560922
C15orf57	ENST00000625629
C15orf59	ENST00000569673
C16orf52	ENST00000569656
C16orf59	ENST00000569496
C16orf62	ENST00000567245
C16orf82	ENST00000505035
C17orf105	ENST00000590148
C17orf62	ENST00000585080
C17orf74	ENST00000574034
C17orf89	ENST00000576002
C17orf96	ENST00000621654
C18orf8	ENST00000615148
C19orf35	ENST00000342063
C19orf43	ENST00000592273
C19orf45	ENST00000601176
C19orf48	ENST00000601267
C19orf52	ENST00000588807
C19orf60	ENST00000601736
C19orf68	ENST00000614654
C1QTNF2	ENST00000393975
C1QTNF3-AMACR	ENST00000382079
C1QTNF9B-AS1	ENST00000626707
C1orf101	ENST00000428042
C1orf106	ENST00000532631
C1orf111	ENST00000493255
C1orf123	ENST00000294360
C1orf145	ENST00000472613
C1orf167	ENST00000449278
C1orf168	ENST00000343433
C1orf186	ENST00000603488
C1orf204	ENST00000621242
C1orf228	ENST00000535358
C1orf234	ENST00000622840
C1orf27	ENST00000419367
C1orf64	ENST00000329454
C20orf196	ENST00000445603
C20orf24	ENST00000492721
C21orf140	ENST00000410005
C21orf2	ENST00000397956
C21orf33	ENST00000449622
C21orf59	ENST00000458138
C22orf29	ENST00000416337
C2orf47	ENST00000435773
C2orf54	ENST00000454476
C2orf57	ENST00000313965
C2orf61	ENST00000449846
C2orf71	ENST00000331664
C2orf82	ENST00000448993
C2orf83	ENST00000409066
C3orf58	ENST00000495414
C4orf22	ENST00000621014
C4orf26	ENST00000616557
C4orf32	ENST00000309733
C4orf50	ENST00000531445
C5orf42	ENST00000514429
C5orf45	ENST00000610475
C5orf56	ENST00000621237
C5orf58	ENST00000593851
C6orf1	ENST00000637920
C6orf10	ENST00000617061
C6orf229	ENST00000565469
C6orf25	ENST00000485548
C7orf34	ENST00000458732
C7orf49	ENST00000620897
C7orf62	ENST00000297203
C7orf72	ENST00000297001
C7orf73	ENST00000509448
C7orf77	ENST00000616258
C8orf22	ENST00000522267
C8orf4	ENST00000315792
C8orf44-SGK3	ENST00000519289
C8orf46	ENST00000522977
C8orf89	ENST00000625134
C9orf142	ENST00000371620
C9orf172	ENST00000436881
C9orf69	ENST00000561457
C9orf84	ENST00000394779
CACHD1	ENST00000290039
CAPS	ENST00000618299
CASP12	ENST00000613512
CASP8AP2	ENST00000552401
CBWD7	ENST00000620776
CCDC129	ENST00000615280
CCDC154	ENST00000483702
CCDC163	ENST00000629482
CCDC188	ENST00000439765
CCDC53	ENST00000545679
CCDC94	ENST00000596496
CCL15-CCL14	ENST00000616694
CEACAM18	ENST00000396477
CECR1	ENST00000610390
CECR5	ENST00000399852
CECR6	ENST00000399875
CENPBD1	ENST00000314994
CEP19	ENST00000409690
CES2	ENST00000570032
CFAP74	ENST00000493964
CH17-140K24.5	ENST00000623884
CH17-140K24.8	ENST00000624396
CH17-270A2.2	ENST00000625258
CHKB-CPT1B	ENST00000453634
CHMP4A	ENST00000609024
CHURC1-FNTB	ENST00000553743
CLASP1	ENST00000541377
CLASP2	ENST00000635664
CLEC3A	ENST00000567430
CLLU1	ENST00000378485
CLN5	ENST00000637537
CLUH	ENST00000576885
CNOT6L	ENST00000515506
COL6A5	ENST00000512836
CPAMD8	ENST00000599287
CPSF3L	ENST00000627245
CR392000.1	ENST00000624770
CROCC2	ENST00000443866
CT45A7	ENST00000620885
CTAGE5	ENST00000557038
CTB-102L5.4	ENST00000591889
CTB-127M13.1	ENST00000413683
CTB-133G6.1	ENST00000576789
CTB-25J19.1	ENST00000637800
CTB-50L17.10	ENST00000621835
CTB-50L17.14	ENST00000586020
CTB-54O9.9	ENST00000586012
CTB-60B18.23	ENST00000599795
CTB-60B18.6	ENST00000604577
CTB-96E2.2	ENST00000555059
CTC-260F20.3	ENST00000555938
CTC-273B12.7	ENST00000595676
CTC-326K19.6	ENST00000451973
CTC-360G5.8	ENST00000599996
CTC-398G3.6	ENST00000585656
CTC-429P9.4	ENST00000601636
CTC-432M15.3	ENST00000514667
CTC-435M10.3	ENST00000540732
CTC-441N14.4	ENST00000514925
CTC-454I21.3	ENST00000590245
CTC-479C5.12	ENST00000573493
CTC-487M23.8	ENST00000506997
CTC-490E21.12	ENST00000601627
CTC-512J12.6	ENST00000588212
CTC-518B2.8	ENST00000599166
CTC-534A2.2	ENST00000510585
CTC-554D6.1	ENST00000520401
CTD-2006C1.10	ENST00000547473
CTD-2006C1.13	ENST00000591944
CTD-2021K4.1	ENST00000637559
CTD-2105E13.6	ENST00000591954
CTD-2116N17.1	ENST00000635704
CTD-2132N18.3	ENST00000592574
CTD-2135J3.4	ENST00000554914
CTD-2140B24.4	ENST00000540096
CTD-2192J16.17	ENST00000428311
CTD-2192J16.20	ENST00000593682
CTD-2192J16.22	ENST00000597692
CTD-2192J16.24	ENST00000597961
CTD-2207O23.10	ENST00000601870
CTD-2207O23.12	ENST00000599312
CTD-2207O23.3	ENST00000617428
CTD-2278I10.6	ENST00000596542
CTD-2287O16.3	ENST00000600981
CTD-2313N18.7	ENST00000530210
CTD-2331H12.8	ENST00000634278
CTD-2349B8.1	ENST00000568526
CTD-2369P2.10	ENST00000452032
CTD-2369P2.12	ENST00000586529
CTD-2370N5.3	ENST00000584948
CTD-2410N18.5	ENST00000519718
CTD-2501B8.1	ENST00000577647
CTD-2510F5.6	ENST00000577660
CTD-2521M24.10	ENST00000594663
CTD-2521M24.13	ENST00000636079
CTD-2528L19.4	ENST00000591114
CTD-2535L24.2	ENST00000577662
CTD-2545G14.7	ENST00000570760
CTD-2545M3.6	ENST00000599632
CTD-2550O8.5	ENST00000598884
CTD-2561J22.3	ENST00000600810
CTD-2574D22.6	ENST00000562285
CTD-2583A14.10	ENST00000604231
CTD-2583A14.9	ENST00000602124
CTD-2587H24.4	ENST00000587871
CTD-2616J11.11	ENST00000600067
CTD-3074O7.11	ENST00000419755
CTD-3088G3.8	ENST00000599216
CTD-3105H18.14	ENST00000435033
CTD-3105H18.16	ENST00000595562
CTD-3105H18.18	ENST00000598753
CTD-3138B18.4	ENST00000637310
CTD-3148I10.9	ENST00000599536
CTD-3214H19.16	ENST00000597959
CTD-3214H19.4	ENST00000599243
CTD-3222D19.2	ENST00000409035
CTGF	ENST00000367976
CXorf23	ENST00000472158
CXorf36	ENST00000398000
CXorf57	ENST00000461251
CYP2D7	ENST00000614967
CYP3A7-CYP3A51P	ENST00000620220
CYR61	ENST00000451137
CYSRT1	ENST00000409414
CYYR1	ENST00000400043
DCAF13	ENST00000618975
DEFB130	ENST00000400079
DEFB131	ENST00000334879
DEFB133	ENST00000398721
DFNA5	ENST00000446822
DFNB59	ENST00000444615
DGCR14	ENST00000434568
DIEXF	ENST00000491415
DIRC2	ENST00000477647
DIRC3	ENST00000423123
DLEU1	ENST00000469754
DNAH10OS	ENST00000514254
DNAJB12	ENST00000463786
DNAJC25-GNG10	ENST00000374294
DNALI1	ENST00000296218
DOPEY1	ENST00000604380
DOPEY2	ENST00000399151
DPCR1	ENST00000636043
DSCR3	ENST00000476950
DSCR4	ENST00000482032
DSCR8	ENST00000614538
DYX1C1	ENST00000524160
EEF1E1-BLOC1S5	ENST00000397456
EFCAB8	ENST00000618684
EGR4	ENST00000545030
EIF2S3L	ENST00000538173
ELMO3	ENST00000571587
EP400NL	ENST00000539205
EPT1	ENST00000613142
ERVMER34-1	ENST00000443173
FABP9	ENST00000379071
FAM101A	ENST00000546355
FAM101B	ENST00000329099
FAM103A1	ENST00000304191
FAM105A	ENST00000274217
FAM106A	ENST00000392176
FAM109A	ENST00000549321
FAM109B	ENST00000419475
FAM122A	ENST00000394264
FAM127A	ENST00000257013
FAM127B	ENST00000370775
FAM127C	ENST00000391440
FAM132A	ENST00000330388
FAM134A	ENST00000458520
FAM134B	ENST00000510362
FAM134C	ENST00000593251
FAM150A	ENST00000523939
FAM150B	ENST00000619265
FAM153C	ENST00000620373
FAM159A	ENST00000517870
FAM159B	ENST00000509189
FAM161B	ENST00000556794
FAM175A	ENST00000611288
FAM175B	ENST00000298492
FAM179A	ENST00000440012
FAM179B	ENST00000557423
FAM180B	ENST00000538490
FAM182B	ENST00000584071
FAM188A	ENST00000436829
FAM188B	ENST00000265299
FAM196A	ENST00000614311
FAM196B	ENST00000377365
FAM198A	ENST00000488863
FAM198B	ENST00000593260
FAM212A	ENST00000333323
FAM212B	ENST00000534365
FAM213A	ENST00000615554
FAM213B	ENST00000537325
FAM21A	ENST00000611324
FAM21C	ENST00000623400
FAM227A	ENST00000535113
FAM231B	ENST00000600179
FAM231C	ENST00000624031
FAM231D	ENST00000607157
FAM26D	ENST00000628083
FAM26E	ENST00000368599
FAM26F	ENST00000368606
FAM35A	ENST00000437629
FAM46A	ENST00000423467
FAM46B	ENST00000289166
FAM46C	ENST00000369448
FAM46D	ENST00000538312
FAM58A	ENST00000621817
FAM60A	ENST00000544921
FAM63A	ENST00000622754
FAM63B	ENST00000560289
FAM64A	ENST00000576056
FAM65A	ENST00000569253
FAM65B	ENST00000613507
FAM65C	ENST00000327979
FAM69A	ENST00000616709
FAM69B	ENST00000371692
FAM69C	ENST00000400291
FAM71E2	ENST00000585734
FAM83H-AS1	ENST00000533004
FAM92A1	ENST00000620645
FAM96A	ENST00000559950
FAM96B	ENST00000568572
FAT3	ENST00000533797
FBXO18	ENST00000397269
FCGBP	ENST00000620799
FCGR2C	ENST00000611236
FHAD1	ENST00000529606
FKBP1C	ENST00000370659
FLJ22763	ENST00000622536
FOXO6	ENST00000372591
FYB	ENST00000515010
GAGE2E	ENST00000621907
GATS	ENST00000543273
GATSL2	ENST00000616305
GATSL3	ENST00000440839
GBA3	ENST00000613293
GBAS	ENST00000456204
GCNT7	ENST00000617620
GGT2	ENST00000424627
GIF	ENST00000525058
GIMAP1-GIMAP5	ENST00000611999
GLTSCR1	ENST00000614245
GLTSCR1L	ENST00000614467
GLTSCR2	ENST00000598959
GOLGA2	ENST00000611957
GOLGA6L22	ENST00000622895
GOLGA6L7P	ENST00000567390
GOLGA8S	ENST00000562295
GPR42	ENST00000597214
GPR75-ASB3	ENST00000406625
GPRC5C	ENST00000582473
GRAMD2	ENST00000570275
GRAMD3	ENST00000544396
GRIFIN	ENST00000614228
GS1-114I9.3	ENST00000442800
GS1-259H13.13	ENST00000455905
GS1-393G12.13	ENST00000531225
GSG2	ENST00000325418
GSTT2	ENST00000634759
GUCY1A3	ENST00000621234
GUCY1B3	ENST00000513437
GVQW1	ENST00000451672
GVQW2	ENST00000624173
HCG27	ENST00000424675
HECTD4	ENST00000550722
HEXDC	ENST00000583354
HFE2	ENST00000636675
HHLA1	ENST00000434736
HIST2H3PS2	ENST00000392948
HMCN2	ENST00000624552
HMP19	ENST00000521585
HN1	ENST00000581874
HN1L	ENST00000569765
HNRNPCL2	ENST00000621994
HNRNPUL2-BSCL2	ENST00000403734
HOXA10-HOXA9	ENST00000470747
HRASLS	ENST00000416012
HSPB2-C11orf52	ENST00000534100
IFNL4	ENST00000634967
IGHA1	ENST00000390547
IGHA2	ENST00000390539
IGHD	ENST00000613640
IGHD1-1	ENST00000454908
IGHD1-14	ENST00000451044
IGHD1-20	ENST00000450276
IGHD1-26	ENST00000390567
IGHD1-7	ENST00000430425
IGHD2-15	ENST00000390578
IGHD2-2	ENST00000390591
IGHD2-21	ENST00000390572
IGHD2-8	ENST00000390585
IGHD2OR15-2A	ENST00000603077
IGHD3-10	ENST00000390583
IGHD3-16	ENST00000390577
IGHD3-22	ENST00000390571
IGHD3-3	ENST00000390590
IGHD3-9	ENST00000390584
IGHD4-11	ENST00000431440
IGHD4-17	ENST00000431870
IGHD4-23	ENST00000437320
IGHD4-4	ENST00000414852
IGHD5-12	ENST00000390581
IGHD5-24	ENST00000390569
IGHD5-5	ENST00000390588
IGHD5OR15-5A	ENST00000604642
IGHD6-13	ENST00000390580
IGHD6-19	ENST00000390574
IGHD6-25	ENST00000452198
IGHD6-6	ENST00000454691
IGHD7-27	ENST00000439842
IGHE	ENST00000390541
IGHG1	ENST00000390549
IGHG2	ENST00000390545
IGHG3	ENST00000390551
IGHG4	ENST00000390543
IGHJ1	ENST00000390565
IGHJ2	ENST00000390564
IGHJ3	ENST00000463911
IGHJ4	ENST00000461719
IGHJ5	ENST00000488476
IGHJ6	ENST00000390560
IGHM	ENST00000637539
IGHV1-18	ENST00000390605
IGHV1-2	ENST00000390594
IGHV1-24	ENST00000390610
IGHV1-3	ENST00000390595
IGHV1-45	ENST00000390621
IGHV1-46	ENST00000390622
IGHV1-58	ENST00000390628
IGHV1-69	ENST00000390633
IGHV1OR15-1	ENST00000604066
IGHV1OR15-9	ENST00000338912
IGHV1OR21-1	ENST00000622028
IGHV2-26	ENST00000390611
IGHV2-5	ENST00000390597
IGHV2-70	ENST00000617374
IGHV2OR16-5	ENST00000567458
IGHV3-11	ENST00000390601
IGHV3-13	ENST00000390602
IGHV3-15	ENST00000390603
IGHV3-16	ENST00000390604
IGHV3-20	ENST00000390606
IGHV3-21	ENST00000390607
IGHV3-23	ENST00000390609
IGHV3-30	ENST00000603660
IGHV3-33	ENST00000390615
IGHV3-35	ENST00000390617
IGHV3-38	ENST00000390618
IGHV3-43	ENST00000434710
IGHV3-48	ENST00000390624
IGHV3-49	ENST00000390625
IGHV3-53	ENST00000390627
IGHV3-64	ENST00000454421
IGHV3-66	ENST00000390632
IGHV3-7	ENST00000390598
IGHV3-72	ENST00000621503
IGHV3-73	ENST00000390636
IGHV3-74	ENST00000424969
IGHV3OR15-7	ENST00000558565
IGHV3OR16-10	ENST00000425181
IGHV3OR16-12	ENST00000570121
IGHV3OR16-13	ENST00000562905
IGHV3OR16-8	ENST00000565407
IGHV3OR16-9	ENST00000558425
IGHV4-28	ENST00000390612
IGHV4-31	ENST00000438142
IGHV4-34	ENST00000390616
IGHV4-39	ENST00000390619
IGHV4-4	ENST00000455737
IGHV4-59	ENST00000390629
IGHV4-61	ENST00000390630
IGHV4OR15-8	ENST00000557788
IGHV5-51	ENST00000390626
IGHV6-1	ENST00000390593
IGHV7-81	ENST00000390639
IGKC	ENST00000390237
IGKJ1	ENST00000390242
IGKJ2	ENST00000390241
IGKJ3	ENST00000390240
IGKJ4	ENST00000390239
IGKJ5	ENST00000390238
IGKV1-12	ENST00000480492
IGKV1-16	ENST00000479981
IGKV1-17	ENST00000490686
IGKV1-27	ENST00000498435
IGKV1-33	ENST00000558152
IGKV1-37	ENST00000465170
IGKV1-39	ENST00000498574
IGKV1-5	ENST00000496168
IGKV1-6	ENST00000464162
IGKV1-8	ENST00000495489
IGKV1-9	ENST00000493819
IGKV1D-12	ENST00000377032
IGKV1D-13	ENST00000611391
IGKV1D-16	ENST00000492446
IGKV1D-17	ENST00000483379
IGKV1D-33	ENST00000611734
IGKV1D-37	ENST00000509129
IGKV1D-39	ENST00000448155
IGKV1D-42	ENST00000390278
IGKV1D-43	ENST00000468879
IGKV1D-8	ENST00000471857
IGKV1OR2-108	ENST00000453673
IGKV2-24	ENST00000484817
IGKV2-28	ENST00000482769
IGKV2-30	ENST00000468494
IGKV2D-24	ENST00000462693
IGKV2D-26	ENST00000390268
IGKV2D-28	ENST00000558026
IGKV2D-29	ENST00000612356
IGKV2D-30	ENST00000474213
IGKV2D-40	ENST00000560045
IGKV3-11	ENST00000483158
IGKV3-15	ENST00000390252
IGKV3-20	ENST00000492167
IGKV3-7	ENST00000390247
IGKV3D-11	ENST00000390277
IGKV3D-15	ENST00000417279
IGKV3D-20	ENST00000390270
IGKV3OR2-268	ENST00000421835
IGKV4-1	ENST00000390243
IGKV5-2	ENST00000390244
IGKV6-21	ENST00000390256
IGKV6D-21	ENST00000436451
IGKV6D-41	ENST00000390271
IGLC1	ENST00000390321
IGLC2	ENST00000390323
IGLC3	ENST00000390325
IGLC7	ENST00000390331
IGLJ1	ENST00000390320
IGLJ2	ENST00000390322
IGLJ3	ENST00000390324
IGLJ4	ENST00000390326
IGLJ5	ENST00000390327
IGLJ6	ENST00000390328
IGLJ7	ENST00000390330
IGLV1-36	ENST00000390301
IGLV1-40	ENST00000390299
IGLV1-44	ENST00000390297
IGLV1-47	ENST00000390294
IGLV1-50	ENST00000390291
IGLV1-51	ENST00000390290
IGLV10-54	ENST00000390287
IGLV11-55	ENST00000390286
IGLV2-11	ENST00000390314
IGLV2-14	ENST00000390312
IGLV2-18	ENST00000390310
IGLV2-23	ENST00000390306
IGLV2-33	ENST00000390302
IGLV2-8	ENST00000620395
IGLV3-1	ENST00000390319
IGLV3-10	ENST00000390315
IGLV3-12	ENST00000390313
IGLV3-16	ENST00000390311
IGLV3-19	ENST00000390309
IGLV3-21	ENST00000390308
IGLV3-22	ENST00000390307
IGLV3-25	ENST00000390305
IGLV3-27	ENST00000390304
IGLV3-32	ENST00000390303
IGLV3-9	ENST00000390316
IGLV4-3	ENST00000390318
IGLV4-60	ENST00000390284
IGLV4-69	ENST00000390282
IGLV5-37	ENST00000390300
IGLV5-45	ENST00000390296
IGLV5-48	ENST00000390293
IGLV5-52	ENST00000390289
IGLV6-57	ENST00000390285
IGLV7-43	ENST00000390298
IGLV7-46	ENST00000390295
IGLV8-61	ENST00000390283
IGLV9-49	ENST00000427632
IKBKAP	ENST00000537196
INMT-FAM188B	ENST00000458257
INO80B-WBP1	ENST00000452361
IPO5	ENST00000631030
ISPD	ENST00000407010
IVD	ENST00000610693
JMJD8	ENST00000609261
KCP	ENST00000620378
KIAA0101	ENST00000625619
KIAA0141	ENST00000508751
KIAA0196	ENST00000523297
KIAA0368	ENST00000602978
KIAA0430	ENST00000552553
KIAA0907	ENST00000368321
KIAA0922	ENST00000445960
KIAA1024	ENST00000559272
KIAA1024L	ENST00000564719
KIAA1033	ENST00000620430
KIAA1161	ENST00000379142
KIAA1429	ENST00000523263
KIAA1456	ENST00000532376
KIAA1462	ENST00000375377
KIAA1468	ENST00000588446
KIAA1524	ENST00000625495
KIAA1551	ENST00000540924
KIAA1644	ENST00000381176
KIAA1683	ENST00000612316
KIAA2022	ENST00000616200
KIAA2026	ENST00000540714
KIR2DS4	ENST00000391729
KIR3DX1	ENST00000610811
KIRREL	ENST00000368173
KLHDC7B	ENST00000395676
KLK14	ENST00000391802
KLRC4-KLRK1	ENST00000591937
KRI1	ENST00000544397
KRTAP4-1	ENST00000620667
KRTAP4-16	ENST00000440582
L34079.2	ENST00000594374
LA16c-306E5.2	ENST00000618352
LA16c-431H6.6	ENST00000454337
LACE1	ENST00000437715
LACTBL1	ENST00000618559
LAPTM4B	ENST00000619747
LDOC1L	ENST00000341255
LECT1	ENST00000448904
LEUTX	ENST00000396841
LHFP	ENST00000379589
LHFPL3	ENST00000424859
LINC00176	ENST00000636176
LINC00493	ENST00000608034
LINC00521	ENST00000636493
LINC00935	ENST00000548380
LINC00961	ENST00000638062
LINC00998	ENST00000441359
LLfos-48D6.2	ENST00000621615
LMO7DN	ENST00000318245
LRRC53	ENST00000294635
LRRC55	ENST00000497933
LTN1	ENST00000614971
LY6G6E	ENST00000450147
LY6L	ENST00000562505
LYRM5	ENST00000557540
LYZL1	ENST00000494304
LYZL2	ENST00000375318
MAGEB6P1	ENST00000416929
MAML3	ENST00000509479
MANF	ENST00000528157
MAP4K5	ENST00000557390
MARVELD1	ENST00000285605
MB21D1	ENST00000370318
MCM3	ENST00000616552
MDS2	ENST00000612756
MED29	ENST00000615911
MESDC1	ENST00000267984
MESDC2	ENST00000619987
METTL10	ENST00000495711
METTL12	ENST00000532971
METTL13	ENST00000367737
METTL21B	ENST00000551420
MFSD1	ENST00000622669
MFSD7	ENST00000515118
MGEA5	ENST00000439817
MGMT	ENST00000306010
MIA-RAB4B	ENST00000600729
MINA	ENST00000514314
MINOS1-NBL1	ENST00000602662
MKL1	ENST00000620651
MKL2	ENST00000574998
MKNK1	ENST00000532110
MRE11A	ENST00000540013
MROH5	ENST00000621837
MROH7-TTC4	ENST00000606515
MROH8	ENST00000434295
MS4A18	ENST00000529108
MS4A4E	ENST00000532442
MSANTD3-TMEFF1	ENST00000502978
MSH5-SAPCD1	ENST00000498473
MSLNL	ENST00000543963
MTRNR2L12	ENST00000600213
MUM1	ENST00000627377
MUM1L1	ENST00000372552
MURC	ENST00000307584
MUT	ENST00000274813
MYCBP2	ENST00000612956
MYCBPAP	ENST00000488432
MYD88	ENST00000495303
MYO15B	ENST00000633867
NAP1L6	ENST00000373518
NARFL	ENST00000570289
NAT6	ENST00000452674
NAT8B	ENST00000377712
NATD1	ENST00000611551
NBPF1	ENST00000432949
NBPF14	ENST00000621070
NBPF26	ENST00000620612
NDUFA6	ENST00000617763
NDUFB1	ENST00000617122
NEDD8-MDP1	ENST00000605847
NELFCD	ENST00000602795
NKAIN3	ENST00000524201
NKPD1	ENST00000589776
NKX1-1	ENST00000422806
NKX2-6	ENST00000325017
NOTCH2NL	ENST00000579793
NOV	ENST00000259526
NPHP3-ACAD11	ENST00000632629
NPIPB11	ENST00000614927
NPIPB3	ENST00000542817
NPIPB4	ENST00000614197
NPIPB7	ENST00000452313
NR1H2	ENST00000600355
NTHL1	ENST00000568513
NUTM2D	ENST00000465545
NUTM2E	ENST00000602967
OBFC1	ENST00000369764
OFCC1	ENST00000622909
OR10A6	ENST00000623991
OR10AC1	ENST00000439431
OR10J4	ENST00000504970
OR10X1	ENST00000623167
OR12D1	ENST00000514827
OR12D2	ENST00000623183
OR13C7	ENST00000424348
OR1B1	ENST00000623530
OR1N2	ENST00000616791
OR1S1	ENST00000624470
OR2AJ1	ENST00000318244
OR2F1	ENST00000624504
OR2L8	ENST00000623922
OR2T11	ENST00000625105
OR4A8	ENST00000418689
OR4C16	ENST00000623907
OR4C3	ENST00000611380
OR4Q2	ENST00000622436
OR4X2	ENST00000624868
OR51B2	ENST00000624187
OR51F1	ENST00000624103
OR51F2	ENST00000322110
OR51G1	ENST00000623849
OR51H1	ENST00000322059
OR51J1	ENST00000332043
OR52B4	ENST00000624801
OR52R1	ENST00000624978
OR52Z1	ENST00000510471
OR5AC1	ENST00000429239
OR5AL1	ENST00000440231
OR5AR1	ENST00000624596
OR5AU1	ENST00000304418
OR5D13	ENST00000623930
OR5G3	ENST00000435756
OR5H6	ENST00000383696
OR5H8	ENST00000394191
OR5L1	ENST00000625203
OR5R1	ENST00000623286
OR8A1	ENST00000284287
OR8D2	ENST00000624618
OR8J2	ENST00000533152
OR8K3	ENST00000623845
ORAI1	ENST00000617316
ORAOV1	ENST00000543562
OTOGL	ENST00000551340
OVCH1	ENST00000539117
OVOS2	ENST00000632817
OXA1L	ENST00000612549
P2RX5-TAX1BP3	ENST00000550383
PABPC4L	ENST00000421491
PANK4	ENST00000505228
PAPD4	ENST00000504233
PAPD5	ENST00000561678
PAPD7	ENST00000631941
PARK2	ENST00000615065
PARVA	ENST00000528916
PAX4	ENST00000611453
PCDHGB5	ENST00000621169
PDDC1	ENST00000534603
PLA2G2C	ENST00000429261
PNLIPRP2	ENST00000611850
PNMAL1	ENST00000602246
PNMAL2	ENST00000599531
POLR2A	ENST00000617998
POTEB3	ENST00000624267
PPFIA4	ENST00000600426
PPP1R2P3	ENST00000522232
PPP1R2P9	ENST00000378131
PPP3R2	ENST00000636434
PPP4R3B	ENST00000616407
PPP4R3CP	ENST00000412172
PPT2-EGFL8	ENST00000585246
PRAMEF19	ENST00000376101
PRAMEF27	ENST00000436041
PRB3	ENST00000538488
PRH1-PRR4	ENST00000536668
PRKCDBP	ENST00000530979
PRNT	ENST00000423718
PROSC	ENST00000523521
PRR21	ENST00000408934
PRR25	ENST00000301698
PRR34	ENST00000396008
PRSS46	ENST00000463091
PSMC6	ENST00000612399
PTRF	ENST00000357037
PYCRL	ENST00000495276
RAB4B-EGLN2	ENST00000594136
RAD51L3-RFFL	ENST00000593039
RAVER1	ENST00000617231
RCC1L	ENST00000618035
RDH8	ENST00000591589
RFPL3S	ENST00000621921
RFWD2	ENST00000498306
RFX7	ENST00000560792
RGAG1	ENST00000540313
RGAG4	ENST00000609883
RNASEK-C17orf49	ENST00000547302
RNPEPL1	ENST00000451363
RP1-130H16.18	ENST00000447976
RP1-138B7.6	ENST00000621802
RP1-139D8.6	ENST00000623004
RP1-179P9.3	ENST00000467125
RP1-27O5.3	ENST00000480336
RP1-309K20.6	ENST00000541176
RP1-317E23.6	ENST00000527604
RP1-34B20.21	ENST00000635641
RP1-37E16.12	ENST00000455236
RP1-4G17.5	ENST00000577138
RP1-66C13.4	ENST00000582441
RP11-1012A1.4	ENST00000557564
RP11-101E3.5	ENST00000482796
RP11-1021N1.1	ENST00000568766
RP11-1035H13.3	ENST00000567078
RP11-106M3.2	ENST00000379915
RP11-106M3.5	ENST00000569547
RP11-108K14.8	ENST00000468317
RP11-108O10.8	ENST00000622211
RP11-1099M24.7	ENST00000573621
RP11-111H13.1	ENST00000424491
RP11-111K18.1	ENST00000442788
RP11-111M22.2	ENST00000530460
RP11-1212A22.4	ENST00000545114
RP11-123K3.4	ENST00000548184
RP11-125O5.2	ENST00000593147
RP11-12J10.3	ENST00000494792
RP11-134F2.8	ENST00000418776
RP11-136C24.3	ENST00000446977
RP11-140L24.4	ENST00000555531
RP11-145E5.5	ENST00000404796
RP11-146B14.1	ENST00000536108
RP11-14J7.7	ENST00000555283
RP11-152F13.10	ENST00000562833
RP11-156P1.2	ENST00000571841
RP11-15H20.8	ENST00000611392
RP11-15K19.2	ENST00000426595
RP11-162P23.2	ENST00000546840
RP11-166B2.1	ENST00000620285
RP11-166N6.3	ENST00000569170
RP11-176H8.1	ENST00000549185
RP11-178C3.1	ENST00000591035
RP11-178L8.4	ENST00000568879
RP11-190A12.7	ENST00000544342
RP11-192H23.4	ENST00000584196
RP11-195F19.29	ENST00000556278
RP11-195F19.5	ENST00000544078
RP11-196G11.1	ENST00000533518
RP11-201K10.3	ENST00000473363
RP11-20I23.1	ENST00000564543
RP11-20I23.3	ENST00000569317
RP11-212D19.4	ENST00000544347
RP11-215A19.2	ENST00000509111
RP11-216L13.16	ENST00000435202
RP11-216L13.17	ENST00000456614
RP11-219A15.1	ENST00000448331
RP11-226E21.4	ENST00000638147
RP11-229P13.27	ENST00000625047
RP11-231C14.4	ENST00000550665
RP11-231C18.3	ENST00000507166
RP11-234B24.6	ENST00000544741
RP11-235E17.2	ENST00000572919
RP11-240B13.2	ENST00000262283
RP11-244E17.1	ENST00000637218
RP11-244H3.4	ENST00000487874
RP11-248J23.7	ENST00000491114
RP11-249C24.12	ENST00000379816
RP11-257K9.8	ENST00000423730
RP11-26J3.4	ENST00000522938
RP11-277P12.6	ENST00000539033
RP11-286H14.4	ENST00000467614
RP11-286N22.8	ENST00000544801
RP11-287D1.3	ENST00000451608
RP11-290H9.2	ENST00000560629
RP11-293I14.2	ENST00000548802
RP11-294C11.4	ENST00000630556
RP11-295K3.1	ENST00000636615
RP11-295P9.13	ENST00000601460
RP11-296A16.1	ENST00000417761
RP11-298A10.1	ENST00000636941
RP11-298I3.5	ENST00000555074
RP11-2C24.9	ENST00000380361
RP11-302B13.5	ENST00000398092
RP11-302M6.4	ENST00000370453
RP11-307N16.6	ENST00000382141
RP11-309L24.4	ENST00000609480
RP11-310K10.1	ENST00000409186
RP11-310N16.1	ENST00000602369
RP11-314N13.10	ENST00000617804
RP11-315D16.2	ENST00000637888
RP11-318A15.7	ENST00000587459
RP11-321N4.5	ENST00000503906
RP11-322E11.6	ENST00000589258
RP11-322N21.2	ENST00000506599
RP11-327P2.7	ENST00000629372
RP11-330H6.5	ENST00000494383
RP11-33O4.2	ENST00000318673
RP11-343C2.11	ENST00000570054
RP11-343C2.7	ENST00000570293
RP11-343C2.9	ENST00000563634
RP11-345F18.1	ENST00000636125
RP11-345J4.3	ENST00000549950
RP11-345J4.5	ENST00000569622
RP11-347C12.1	ENST00000543463
RP11-347C12.3	ENST00000568353
RP11-350O14.18	ENST00000568665
RP11-360D2.1	ENST00000417563
RP11-371E8.4	ENST00000557574
RP11-382A20.3	ENST00000568294
RP11-385D13.1	ENST00000455584
RP11-385J1.3	ENST00000614557
RP11-38C17.1	ENST00000410042
RP11-392E22.9	ENST00000637556
RP11-400G3.5	ENST00000464755
RP11-402G3.3	ENST00000612244
RP11-403P17.5	ENST00000561728
RP11-404P21.8	ENST00000553811
RP11-407N17.3	ENST00000553728
RP11-411B6.6	ENST00000557395
RP11-426L16.10	ENST00000606954
RP11-432B6.3	ENST00000483754
RP11-434D12.1	ENST00000608606
RP11-435I10.4	ENST00000638036
RP11-437B10.1	ENST00000629685
RP11-438J1.1	ENST00000450534
RP11-439C15.6	ENST00000636175
RP11-444E17.6	ENST00000505802
RP11-446E24.4	ENST00000637610
RP11-447L10.1	ENST00000431391
RP11-449H3.3	ENST00000506502
RP11-458D21.5	ENST00000612520
RP11-45M22.4	ENST00000427497
RP11-463C8.4	ENST00000557752
RP11-463D19.2	ENST00000358757
RP11-468E2.1	ENST00000530611
RP11-468E2.2	ENST00000625289
RP11-468E2.4	ENST00000558468
RP11-468E2.6	ENST00000558325
RP11-474G23.1	ENST00000406334
RP11-475E11.9	ENST00000357393
RP11-47I22.4	ENST00000556347
RP11-484M3.5	ENST00000490594
RP11-49K24.6	ENST00000602926
RP11-500M8.7	ENST00000536588
RP11-505K9.4	ENST00000566309
RP11-506B6.7	ENST00000590673
RP11-507K12.1	ENST00000637807
RP11-507M3.1	ENST00000610442
RP11-512M8.5	ENST00000535844
RP11-514O12.4	ENST00000507747
RP11-514P8.6	ENST00000519541
RP11-514P8.7	ENST00000514917
RP11-51F16.8	ENST00000580553
RP11-51L5.7	ENST00000602932
RP11-529K1.3	ENST00000567706
RP11-540D14.8	ENST00000505139
RP11-542C16.2	ENST00000575474
RP11-544M22.13	ENST00000470694
RP11-545J16.1	ENST00000540229
RP11-548K23.11	ENST00000370649
RP11-552F3.12	ENST00000590947
RP11-561B11.2	ENST00000557565
RP11-565P22.6	ENST00000431696
RP11-566K11.2	ENST00000556922
RP11-571M6.15	ENST00000546504
RP11-574F21.3	ENST00000556710
RP11-574K11.31	ENST00000603706
RP11-577H5.5	ENST00000476151
RP11-58C22.1	ENST00000563764
RP11-598P20.5	ENST00000534420
RP11-599B13.6	ENST00000498285
RP11-5A19.5	ENST00000580114
RP11-603J24.9	ENST00000548861
RP11-613M10.8	ENST00000537239
RP11-613M10.9	ENST00000540557
RP11-618P17.4	ENST00000606020
RP11-637O19.3	ENST00000480294
RP11-638I8.1	ENST00000636578
RP11-644F5.10	ENST00000551946
RP11-65B7.2	ENST00000627615
RP11-668G10.2	ENST00000505354
RP11-691N7.6	ENST00000531074
RP11-697E2.12	ENST00000622269
RP11-697E2.6	ENST00000561573
RP11-6L6.2	ENST00000636502
RP11-701H24.9	ENST00000557230
RP11-717K11.2	ENST00000512921
RP11-723O4.6	ENST00000637488
RP11-724O16.1	ENST00000513963
RP11-729L2.2	ENST00000590722
RP11-73M18.2	ENST00000472726
RP11-745O10.4	ENST00000539652
RP11-761B3.1	ENST00000422269
RP11-762I7.5	ENST00000550124
RP11-766F14.2	ENST00000511828
RP11-77K12.1	ENST00000567194
RP11-77K12.7	ENST00000460606
RP11-793H13.10	ENST00000591834
RP11-795F19.5	ENST00000591514
RP11-80H18.3	ENST00000481972
RP11-812E19.9	ENST00000569103
RP11-831H9.11	ENST00000528405
RP11-834C11.12	ENST00000513209
RP11-849F2.7	ENST00000582471
RP11-849H4.2	ENST00000534704
RP11-864I4.1	ENST00000496634
RP11-872D17.8	ENST00000529411
RP11-87C12.2	ENST00000546333
RP11-886H22.1	ENST00000590532
RP11-894J14.5	ENST00000607495
RP11-903H12.5	ENST00000553909
RP11-934B9.3	ENST00000555591
RP11-949J7.8	ENST00000638115
RP11-96O20.4	ENST00000564080
RP11-977G19.10	ENST00000549318
RP11-9J18.1	ENST00000635992
RP13-1032I1.10	ENST00000571730
RP13-279N23.2	ENST00000494072
RP13-512J5.1	ENST00000438485
RP13-582O9.6	ENST00000522452
RP13-672B3.2	ENST00000537262
RP3-369A17.6	ENST00000562221
RP3-382I10.7	ENST00000507897
RP3-403A15.5	ENST00000481848
RP3-454G6.2	ENST00000637303
RP3-461F17.3	ENST00000607161
RP3-468K18.5	ENST00000545614
RP3-468K18.7	ENST00000454207
RP4-533D7.6	ENST00000540385
RP4-539M6.19	ENST00000454552
RP4-559A3.7	ENST00000432920
RP4-576H24.4	ENST00000567028
RP4-583P15.14	ENST00000467211
RP4-583P15.15	ENST00000632538
RP4-608O15.3	ENST00000367421
RP4-613B23.5	ENST00000431549
RP4-614O4.11	ENST00000444717
RP4-635E18.9	ENST00000622108
RP4-734P14.4	ENST00000461548
RP4-777O23.3	ENST00000598361
RP4-816N1.8	ENST00000637658
RP5-1021I20.4	ENST00000556551
RP5-1028K7.3	ENST00000476049
RP5-1052I5.2	ENST00000370548
RP5-850E9.3	ENST00000488788
RP5-860F19.8	ENST00000380593
RP5-862P8.2	ENST00000366624
RP5-864K19.6	ENST00000621281
RP5-874C20.8	ENST00000621053
RP5-877J2.1	ENST00000509504
RP5-937E21.8	ENST00000431993
RP5-966M1.6	ENST00000468472
RP5-972B16.2	ENST00000465127
RP5-994D16.11	ENST00000637012
RP5-994D16.12	ENST00000603943
RP6-24A23.6	ENST00000563887
RPL36A-HNRNPH2	ENST00000409338
RPS10-NUDT3	ENST00000605528
RSG1	ENST00000434014
RTEL1-TNFRSF6B	ENST00000492259
RTFDC1	ENST00000449062
RUFY4	ENST00000457754
RYBP	ENST00000477973
S100A2	ENST00000497140
S100A7L2	ENST00000368725
SAMD1	ENST00000533683
SCLY	ENST00000450965
SDCCAG3	ENST00000446833
SDPR	ENST00000304141
SDR42E2	ENST00000602312
SELK	ENST00000541726
SELL	ENST00000236147
SELM	ENST00000611680
SELO	ENST00000611222
SELT	ENST00000615547
SELV	ENST00000622070
SENP3-EIF4A1	ENST00000614237
SEP15	ENST00000616787
SEPN1	ENST00000630065
SEPP1	ENST00000514985
SEPT1	ENST00000572252
SEPW1	ENST00000612212
SGK223	ENST00000622241
SGK494	ENST00000578956
SH2D6	ENST00000389938
SHANK3	ENST00000445220
SHFM1	ENST00000623693
SKIV2L2	ENST00000508716
SKOR1	ENST00000554240
SLC15A5	ENST00000344941
SLC22A31	ENST00000614943
SLC27A3	ENST00000624995
SLC35B1	ENST00000515850
SLC35E2	ENST00000355439
SLC37A4	ENST00000545985
SPATA31A1	ENST00000377647
SPATA8	ENST00000558553
SPCS1	ENST00000619898
SPECC1L-ADORA2A	ENST00000358654
SPG20	ENST00000494062
SQRDL	ENST00000568606
SRRM3	ENST00000611745
SSFA2	ENST00000454579
SSPO	ENST00000378016
STRA13	ENST00000584600
STX16-NPEPL1	ENST00000530122
SYS1-DBNDD2	ENST00000458187
T	ENST00000461348
TBC1D29	ENST00000584297
TBC1D3F	ENST00000620210
TBC1D3I	ENST00000621034
TBC1D3K	ENST00000620247
TBC1D3L	ENST00000617678
TCEB1	ENST00000622804
TCEB2	ENST00000572954
TCEB3	ENST00000613537
TCEB3B	ENST00000620522
TCEB3C	ENST00000330682
TCEB3CL	ENST00000620688
TCEB3CL2	ENST00000620881
TEN1-CDK3	ENST00000569284
TERB1	ENST00000559403
TEX13C	ENST00000632600
TEX40	ENST00000539943
TGIF2-C20orf24	ENST00000558530
TIMM50	ENST00000607714
TISP43	ENST00000623376
TLDC1	ENST00000570036
TM4SF19-TCTEX1D2	ENST00000442633
TMEM105	ENST00000574093
TMEM110	ENST00000485356
TMEM133	ENST00000303130
TMEM191B	ENST00000613597
TMEM2	ENST00000545719
TMEM256-PLSCR3	ENST00000619711
TMEM257	ENST00000408967
TMEM261	ENST00000358227
TMEM265	ENST00000615541
TMEM27	ENST00000380342
TMEM5	ENST00000543342
TMEM55A	ENST00000630164
TMEM55B	ENST00000556093
TMEM57	ENST00000399766
TMEM78	ENST00000323223
TMEM8C	ENST00000339996
TMX2-CTNND1	ENST00000528395
TOPORS-AS1	ENST00000458036
TPSB2	ENST00000612142
TRAC	ENST00000637010
TRAJ1	ENST00000390536
TRAJ10	ENST00000390527
TRAJ12	ENST00000390525
TRAJ13	ENST00000390524
TRAJ14	ENST00000390523
TRAJ16	ENST00000390521
TRAJ17	ENST00000390520
TRAJ18	ENST00000390519
TRAJ19	ENST00000390518
TRAJ2	ENST00000390535
TRAJ20	ENST00000390517
TRAJ21	ENST00000390516
TRAJ22	ENST00000390515
TRAJ23	ENST00000390514
TRAJ24	ENST00000390513
TRAJ25	ENST00000390512
TRAJ26	ENST00000390511
TRAJ27	ENST00000390510
TRAJ28	ENST00000390509
TRAJ29	ENST00000390508
TRAJ3	ENST00000390534
TRAJ30	ENST00000390507
TRAJ31	ENST00000390506
TRAJ32	ENST00000390505
TRAJ33	ENST00000390504
TRAJ34	ENST00000390503
TRAJ35	ENST00000390502
TRAJ36	ENST00000614481
TRAJ37	ENST00000612375
TRAJ38	ENST00000390499
TRAJ39	ENST00000390498
TRAJ4	ENST00000390533
TRAJ40	ENST00000390497
TRAJ41	ENST00000390496
TRAJ42	ENST00000390495
TRAJ43	ENST00000390494
TRAJ44	ENST00000390493
TRAJ45	ENST00000390492
TRAJ46	ENST00000390491
TRAJ47	ENST00000390490
TRAJ48	ENST00000390489
TRAJ49	ENST00000390488
TRAJ5	ENST00000390532
TRAJ50	ENST00000390487
TRAJ52	ENST00000390486
TRAJ53	ENST00000390485
TRAJ54	ENST00000390484
TRAJ56	ENST00000390483
TRAJ57	ENST00000390482
TRAJ58	ENST00000390481
TRAJ59	ENST00000390480
TRAJ6	ENST00000390531
TRAJ7	ENST00000390530
TRAJ9	ENST00000390528
TRAV1-1	ENST00000542354
TRAV1-2	ENST00000390423
TRAV10	ENST00000390432
TRAV12-1	ENST00000390433
TRAV12-2	ENST00000390437
TRAV12-3	ENST00000390442
TRAV13-1	ENST00000390436
TRAV13-2	ENST00000390439
TRAV14DV4	ENST00000390440
TRAV16	ENST00000390444
TRAV17	ENST00000390445
TRAV18	ENST00000390446
TRAV19	ENST00000390447
TRAV2	ENST00000390424
TRAV20	ENST00000390448
TRAV21	ENST00000390449
TRAV22	ENST00000390450
TRAV23DV6	ENST00000390451
TRAV24	ENST00000390453
TRAV25	ENST00000390454
TRAV26-1	ENST00000390455
TRAV26-2	ENST00000390460
TRAV27	ENST00000390457
TRAV29DV5	ENST00000390458
TRAV3	ENST00000390425
TRAV30	ENST00000557168
TRAV34	ENST00000390461
TRAV36DV7	ENST00000390463
TRAV38-1	ENST00000390464
TRAV38-2DV8	ENST00000390465
TRAV39	ENST00000390466
TRAV4	ENST00000390426
TRAV40	ENST00000390467
TRAV41	ENST00000390468
TRAV5	ENST00000390427
TRAV6	ENST00000390428
TRAV7	ENST00000390429
TRAV8-1	ENST00000390430
TRAV8-2	ENST00000390434
TRAV8-3	ENST00000390435
TRAV8-4	ENST00000390438
TRAV8-6	ENST00000390443
TRAV8-7	ENST00000390456
TRAV9-1	ENST00000390431
TRAV9-2	ENST00000390441
TRBC2	ENST00000637077
TRBJ2-1	ENST00000390412
TRBJ2-2	ENST00000390413
TRBJ2-2P	ENST00000390414
TRBJ2-4	ENST00000390416
TRBJ2-5	ENST00000390417
TRBJ2-6	ENST00000390418
TRBJ2-7	ENST00000390419
TRBV19	ENST00000390393
TRBV2	ENST00000455382
TRBV20-1	ENST00000390394
TRBV20OR9-2	ENST00000379435
TRBV21OR9-2	ENST00000331828
TRBV23-1	ENST00000390396
TRBV23OR9-2	ENST00000390389
TRBV24-1	ENST00000390397
TRBV25-1	ENST00000390398
TRBV27	ENST00000390399
TRBV28	ENST00000390400
TRBV29-1	ENST00000422143
TRBV3-1	ENST00000390387
TRBV30	ENST00000417977
TRBV4-1	ENST00000390357
TRBV4-2	ENST00000390392
TRBV5-1	ENST00000390381
TRBV6-1	ENST00000390353
TRBV7-1	ENST00000547918
TRDC	ENST00000636101
TRDD2	ENST00000434970
TRDD3	ENST00000448914
TRDJ1	ENST00000390473
TRDJ2	ENST00000390475
TRDJ3	ENST00000390476
TRDJ4	ENST00000390474
TRDV1	ENST00000621643
TRDV2	ENST00000390469
TRDV3	ENST00000535880
TRGC1	ENST00000443402
TRGC2	ENST00000436911
TRGJ1	ENST00000390337
TRGJ2	ENST00000390333
TRGJP	ENST00000390338
TRGJP1	ENST00000390339
TRGJP2	ENST00000390334
TRGV1	ENST00000390348
TRGV10	ENST00000390341
TRGV11	ENST00000390340
TRGV2	ENST00000426402
TRGV3	ENST00000390346
TRGV4	ENST00000390345
TRGV5	ENST00000390344
TRGV8	ENST00000390343
TRGV9	ENST00000444775
TRIM49D2	ENST00000623787
TRIM51	ENST00000449290
TRIM66	ENST00000530502
TROVE2	ENST00000512587
TSNAX-DISC1	ENST00000602962
TSSC1	ENST00000455162
TTC34	ENST00000637179
TTC6	ENST00000556845
TTLL8	ENST00000433387
TUSC5	ENST00000333813
TXNRD3NB	ENST00000404489
U51561.1	ENST00000625149
UBE2F-SCLY	ENST00000449891
UBE2NL	ENST00000618570
UBE2W	ENST00000602593
UFD1L	ENST00000494054
UPK3BL	ENST00000340457
USMG5	ENST00000369825
USP17L23	ENST00000506619
USP40	ENST00000454354
USP41	ENST00000454608
VHLL	ENST00000339922
VIMP	ENST00000531964
VNN3	ENST00000544102
VWA5B1	ENST00000534075
VWA9	ENST00000573314
WASH1	ENST00000442898
WBSCR17	ENST00000618959
WBSCR22	ENST00000453316
WBSCR27	ENST00000458679
WBSCR28	ENST00000426490
WDR49	ENST00000493061
WDR64	ENST00000472717
WHSC1	ENST00000515806
WHSC1L1	ENST00000534539
WISP1	ENST00000519433
WISP2	ENST00000372868
WISP3	ENST00000604763
WTH3DI	ENST00000623617
XX-FW81066F1.2	ENST00000457775
XXbac-B562F10.12	ENST00000429594
XXbac-BPG116M5.17	ENST00000477310
XXbac-BPG181M17.5	ENST00000429234
XXbac-BPG246D15.9	ENST00000452392
XXbac-BPG32J3.19	ENST00000503322
XXbac-BPG32J3.20	ENST00000461287
XXbac-BPG32J3.22	ENST00000617558
XXcos-LUCA11.5	ENST00000606589
YAE1D1	ENST00000448268
Z83313.1	ENST00000441825
ZBED5	ENST00000534690
ZCCHC11	ENST00000531722
ZCCHC16	ENST00000340433
ZCCHC5	ENST00000321110
ZCCHC6	ENST00000375963
ZFP36	ENST00000600033
ZFP41	ENST00000520584
ZFP91-CNTF	ENST00000422974
ZNF511-PRAP1	ENST00000368554
ZNF598	ENST00000567625
ZNF625-ZNF20	ENST00000434822
ZNF645	ENST00000323684
ZNF66	ENST00000594534
ZNF670-ZNF695	ENST00000474541
ZNF678	ENST00000608949
ZNF788	ENST00000596883
ZNF812P	ENST00000453792
ZNF852	ENST00000436261
ZRSR1	ENST00000391338
ZSCAN12	ENST00000396827
ZUFSP	ENST00000368576
